[
    {
        "patientID": "A001020",
        "email": "test1@gmail.com",
        "firstName": "test1",
        "lastName":"test",
        "phoneNumber": 9876854693,
        "age": 44         
    },
    {
        "patientID": "A001021",
        "email": "test2@gmail.com",
        "firstName": "test2",
        "lastName":"test",
        "phoneNumber": 9876854987,
        "age": 34 
    },
    {
        "patientID": "A001022",
        "email": "test3@gmail.com",
        "firstName": "test3",
        "lastName":"test",
        "phoneNumber": 9876850333,
        "age": 47
    },
    {
        "patientID": "A001023",
        "email": "test4@gmail.com",
        "firstName": "test4",
        "lastName":"test",
        "phoneNumber": 9876898780,
        "age": 46 
    }
]